time_s,downrange_km,altitude_km,horizontal_velocity_m_s,vertical_velocity_m_s,speed_m_s,flight_path_angle_deg,pitch_deg,mass_t,dynamic_pressure_kpa,stage
0.0,0.43762705609356045,0.05218081731018676,437.62705609356044,2.180817310186759,437.6324898693614,0.2855184379665868,90.0,2180.2170672410066,0.0,booster_core_cluster
5.0,2.6257623370692786,0.09750024380819372,437.6270563953586,13.816479444498123,437.8451045672506,1.8083047829506433,90.0,2136.302403446039,0.07882938289989888,booster_core_cluster
10.0,4.813897627500707,0.20473172202727802,437.62706008401136,26.70234908769394,438.44094147852564,3.491643091182387,90.0,2092.387739651072,0.34744220417025595,booster_core_cluster
15.0,7.002311183995137,0.38025280895172225,437.7562047896644,40.88055247019943,439.6609084307125,5.33518302222578,89.77987488277157,2048.4730758561045,0.8531527928094456,booster_core_cluster
20.0,9.192347823480377,0.6306492374559439,438.2286296229822,56.39227373954996,441.8420762656645,7.33265647498099,89.4388743849932,2004.5584120611372,1.6387655022220393,booster_core_cluster
25.0,11.386064803241473,0.9627096247067432,439.15283750965375,73.27779357823471,445.22449362594,9.473195012791544,89.02997418060893,1960.6437482661697,2.7379911203351095,booster_core_cluster
30.0,13.585983708362638,1.3834237897378285,440.6147189623295,91.57748877717484,450.03085118354517,11.741211789095168,88.56962276826405,1916.7290844712024,4.167604771934797,booster_core_cluster
35.0,15.795026852201175,1.8999871753709494,442.6915003548463,111.33314374507941,456.4765419850043,14.116644296162622,88.06678967439305,1872.8144206762352,5.926014416116312,booster_core_cluster
40.0,18.016489557274102,2.5198124253815792,445.4564642019732,132.58970339218237,464.77036366893134,16.57558806086495,87.52728656624208,1828.8997568812679,7.973035793059893,booster_core_cluster
45.0,20.25402862766322,3.2505545257186608,448.9815129170267,155.39812545650042,475.11364570664193,19.091377813383154,86.9552477906445,1784.9850930863004,10.247850835314155,booster_core_cluster
50.0,22.511660712621463,4.100142827056339,453.33886833810107,179.81620180306555,487.6986733393386,21.635680214484854,86.35379499643086,1741.070429291333,12.67400937533209,booster_core_cluster
55.0,24.79376849472899,5.076823701141961,458.60258790362116,205.9114238787541,502.70851207799785,24.179961941649427,85.72538517124859,1697.1557654963658,15.144829024444608,booster_core_cluster
60.0,27.1051155659559,6.189229137375085,464.85066744363246,233.76946839344984,520.321350105631,26.69743628982028,85.07201246930867,1653.2411017013983,17.356238649484823,booster_core_cluster
65.0,29.45087218598455,7.446483252321529,472.16660173405484,263.4946445436479,540.713165639851,29.163893524321875,84.39533414813503,1609.326437906431,19.257089595615223,booster_core_cluster
70.0,31.836643377062025,8.858262078016319,480.63993455412475,295.20264737492477,564.056158290429,31.557692113420945,83.69675362937747,1565.4117741114637,20.74011009705659,booster_core_cluster
75.0,34.268505201881624,10.434872109130465,490.36829254671784,329.0273636315485,590.5252478544086,33.86082486330143,82.97747771781904,1521.4971103164964,21.610405437587247,booster_core_cluster
80.0,36.75307427759755,12.187494747830673,501.4689328258557,365.1823576463158,620.3460686791077,36.06305395669063,82.2385574280243,1477.582446521529,20.572483801700674,booster_core_cluster
85.0,39.297590773408935,14.128430578708256,514.067811017454,403.8737939169808,653.7428819782076,38.15470229632687,81.48091797172746,1433.6677827265617,18.901219308237707,booster_core_cluster
90.0,41.90993544373148,16.270899745938546,528.2960982265263,445.281479655387,690.921387370128,40.12631534289208,80.70538132663259,1389.7531189315944,16.74182517705381,booster_core_cluster
95.0,44.59867457689801,18.62902994972787,544.294869502203,489.5877737286504,732.0881730713838,41.97106321355973,79.91268357804007,1345.8384551366269,14.27612627774765,booster_core_cluster
100.0,47.373110169841944,21.217865122150513,562.2154408101801,536.9768101511269,777.4511537874675,43.68465869443232,79.10348848463676,1301.9237913416596,11.669297012852363,booster_core_cluster
105.0,50.24333649579676,24.053390949338283,582.2211367981429,587.6398247992095,827.2254927313153,45.26538686464523,78.27839825746253,1258.0091275466923,9.07626615181819,booster_core_cluster
110.0,53.22029602685939,27.152543167302092,604.4857046042945,641.7652200201554,881.626658341539,46.71339664003585,77.43796224292112,1214.094463751725,6.7496966291654825,booster_core_cluster
115.0,56.31583841565196,30.533214129958154,629.1962691394815,699.5480691969076,940.8801444478272,48.030756840961864,76.58268400303524,1170.1797999567575,4.787381193472687,booster_core_cluster
120.0,59.542796115382096,34.21430750690286,656.5559561872661,761.1957272281031,1005.2286599352886,49.221166644866805,75.7130271518643,1126.2651361617902,3.2851436068363937,booster_core_cluster
125.0,62.91507884682994,38.21583409394025,686.7895172509191,826.9418570777813,1074.9477550062609,50.289782001575674,74.82942021379124,1082.350472366823,2.1433143746095658,booster_core_cluster
130.0,66.44779800120399,42.55907471849318,720.1478408400011,897.0532408417481,1150.3553492600445,51.24275569933209,73.93226070342297,1038.4358085718554,1.3623698315037107,booster_core_cluster
135.0,70.15740493634858,47.26674065196004,756.9114898042017,971.8312204433652,1231.816108202055,52.08673095272268,73.02191857935543,994.5211447768881,0.8599012951017803,booster_core_cluster
140.0,74.06187142649885,52.36321448838846,797.401094926375,1051.632880294373,1319.7652143870216,52.82876064501674,72.09873918931989,950.6064809819209,0.524755421177673,booster_core_cluster
145.0,78.18090170021495,57.874821070509526,841.9812610791055,1136.8681764960013,1414.7090495001805,53.47580866182698,71.16304579845936,906.6918171869535,0.32242499664918467,booster_core_cluster
150.0,82.53618214793956,63.83013264024563,891.071137670861,1228.0149326653386,1517.2437006753723,54.03464283931008,70.21514177312045,862.7771533919862,0.18206554068958233,booster_core_cluster
155.0,87.15168436328074,70.26033827187266,945.1543984734387,1325.6279447225274,1628.0682678508786,54.51165584611214,69.25531247781954,818.8624895970188,0.09293512543416425,booster_core_cluster
160.0,92.05402477180638,77.19966481197585,1004.792396940963,1430.352602260477,1748.0035262389158,54.91277165414317,68.28382693172139,774.9478258020515,0.03991730675048308,booster_core_cluster
161.0,92.74027427504002,78.17832980017833,1013.3590732797893,1445.1581251762132,1765.0435173562437,54.961484254227635,68.08815368274907,769.0000000000027,0.033258606937034266,booster_core_cluster
165.67720270270297,97.85420118688788,85.37532589818903,1029.183921347901,1435.60195880917,1766.4010099911538,54.36323803305541,67.16695300546152,502.7017528021979,0.013486040482104241,second_stage
170.67720270270297,103.04985105072812,92.5254733669884,1045.8781981793745,1426.3549481264395,1768.7141214655671,53.74917761842981,66.17140979379394,496.4035056043932,0.0,second_stage
175.67720270270297,108.331641905725,99.63027877398893,1063.465490826,1417.4037333150038,1772.002311903993,53.11942722429224,65.16496299892094,490.10525840658846,0.0,second_stage
180.67720270270297,113.7041118944988,106.69118282643262,1081.9703588292912,1408.7358407696413,1776.287287139705,52.47417091845427,64.14782771079847,483.8070112087837,0.0,second_stage
185.67720270270297,119.17192479503403,113.70956581364328,1101.4181618463165,1400.3390806042917,1781.5924079072047,51.81364829623227,63.120208564208454,477.508764010979,0.0,second_stage
190.67720270270297,124.73987254009012,120.68674519383272,1121.8347145368105,1392.200632733325,1787.9417575869068,51.13814670615025,62.08230053174337,471.21051681317425,0.0,second_stage
195.67720270270297,130.41287755733285,127.62397237493214,1143.2463084221636,1384.307023989086,1795.3601472647276,50.44800027606882,61.03428963624248,464.9122696153695,0.0,second_stage
200.67720270270297,136.19599522238036,134.5224293773364,1165.6797349726644,1376.6441040021073,1803.8731201527746,49.74358851756016,59.976353592822605,458.61402241756474,0.0,second_stage
205.67720270270297,142.09441643140437,141.38322537208583,1189.1623100908994,1369.1970197465241,1813.5069557692598,49.025334508369106,58.90866238913479,452.31577521976004,0.0,second_stage
210.67720270270297,148.11347030079767,148.20739308749205,1213.7219001693245,1361.9501886425803,1824.288674331504,48.29370265974558,57.83137881122546,446.0175280219553,0.0,second_stage
215.67720270270297,154.25862700234399,154.99588507663827,1239.3869499122245,1354.8872700963084,1836.2460418695948,47.54919608255109,56.74465892133645,439.71928082415053,0.0,second_stage
220.67720270270297,160.53550074331918,161.74956983754652,1266.1865121266337,1347.9911353433934,1849.4075766190049,46.792353573150386,55.648652493103945,433.4210336263458,0.0,second_stage
225.67720270270297,166.94985290202584,168.46922777709608,1294.1502797034987,1341.2438354496337,1863.8025572973893,46.02374624700092,54.5435034088803,427.1227864285411,0.0,second_stage
230.67720270270297,173.50759533042566,175.15554700899185,1323.3086200295922,1334.6265673041694,1879.4610339133756,45.24397385434894,53.429350023281266,420.8245392307363,0.0,second_stage
235.67720270270297,180.21479383680116,181.80911897520735,1353.6926120927321,1328.1196374234607,1896.4138417930483,44.45366081833164,52.30632549653334,414.52629203293156,0.0,second_stage
240.67720270270297,187.07767186276612,188.4304338793583,1385.334086567979,1321.702423363637,1914.6926195430033,43.653452040887714,51.17455810074639,408.22804483512687,0.0,second_stage
245.67720270270297,194.1026143704661,195.01987591938246,1418.2656692010983,1315.3533325159742,1934.3298316976136,42.84400852602668,50.03417150185236,401.9297976373221,0.0,second_stage
250.67720270270297,201.29617195748799,201.57771830569908,1452.5208278380885,1309.0497580345327,1955.3587968231595,42.02600287306758,48.885285019620845,395.63155043951735,0.0,second_stage
255.67720270270297,208.66506521884992,208.10411804968152,1488.1339234865102,1302.768031616008,1977.8137218737268,41.200114694329,47.72801386787825,389.3333032417126,0.0,second_stage
260.67720270270297,216.21618937749665,214.5991105057796,1525.1402658363404,1296.483372819094,2001.729743614686,40.367026012374076,46.562469376811514,383.0350560439079,0.0,second_stage
265.67720270270297,223.95661920700354,221.06260364895635,1563.5761737157982,1290.169834573615,2027.1429779508512,39.52741669127332,45.38875919902455,376.73680884610314,0.0,second_stage
270.67720270270297,231.89361427272982,227.4943720672298,1603.479041011922,1283.8002444876565,2054.090578020132,38.68195995446833,44.20698750083086,370.4385616482984,0.0,second_stage
275.67720270270297,240.03462452049442,233.89405064701245,1644.887408647584,1277.3461415131667,2082.6108019421054,37.83131803877409,43.01725514010382,364.1403144504937,0.0,second_stage
280.67720270270297,248.38729624501292,240.26112792658137,1687.8410432773028,1270.777707476125,2112.7430911470733,36.976138029953745,41.81965983186558,357.84206725268893,0.0,second_stage
285.67720270270297,256.95947847388413,246.59493909036115,1732.3810234449982,1264.0636929152822,2144.52816025786,36.11704792027914,40.61429630267151,351.5438200548842,0.0,second_stage
290.67720270270297,265.7592298069044,252.89465857371118,1778.5498340393972,1257.1713366024708,2178.0080995571184,35.25465292272018,39.40125643473859,345.2455728570794,0.0,second_stage
295.67720270270297,274.7948257549775,259.1592922445352,1826.3914699890336,1250.0662780360394,2213.226491150777,34.38953207007011,38.18062940067022,338.9473256592747,0.0,second_stage
300.67720270270297,284.07476662795887,265.38766912421255,1875.9515502610204,1242.7124621053595,2250.228540037365,33.522235120604726,36.952501789545366,332.64907846146997,0.0,second_stage
305.67720270270297,293.60778602650674,271.57843260602255,1927.2774433687032,1235.0720350164815,2289.0612214175394,32.65327978498397,35.716957725065335,326.3508312636652,0.0,second_stage
310.67720270270297,303.40285999952016,277.7300311243188,1980.4184057562366,1227.1052304443906,2329.7734457328793,31.783149282216346,34.47407897638433,320.0525840658605,0.0,second_stage
315.67720270270297,313.4692169361366,283.8407082221102,2035.4257346169447,1218.77024473293,2372.4162431131886,30.912290225789448,33.22394506219181,313.75433686805576,0.0,second_stage
320.67720270270297,323.8163482696932,289.90849195832095,2092.3529369217576,1210.0230997957594,2417.0429691431727,30.041110834667624,31.96663334856123,307.456089670251,0.0,second_stage
325.67720270270297,334.4540200806867,295.93118358869157,2151.2559166897427,1200.8174921763061,2463.7095341393674,29.169979457889404,30.702219141033304,301.15784247244625,0.0,second_stage
330.67720270270297,345.39228569680745,301.9063454459045,2212.1931828316533,1191.1046264963559,2512.47465846481,28.299223396052778,29.430775771359635,294.85959527464155,0.0,second_stage
335.67720270270297,356.6414994008042,307.83128793487845,2275.2260802478613,1180.8330312553028,2563.4001568119706,27.429127998112737,28.152374679295086,288.5613480768368,0.0,second_stage
340.67720270270297,368.2123313715534,313.70305554806475,2340.4190472742616,1169.94835462734,2616.5512548657216,26.559936007659022,26.867085489793354,282.26310087903204,0.0,second_stage
345.67720270270297,380.1157840006016,319.5184117927219,2407.839903056202,1158.393137532528,2671.9969423321118,25.69184712919035,25.574976085929904,275.9648536812273,0.0,second_stage
350.67720270270297,392.3632097460416,325.27382290724,2477.5601690066683,1146.1065608179292,2729.8103670032197,24.82501778181906,24.2761126778491,269.6666064834226,0.0,second_stage
355.67720270270297,404.9663307083638,330.96544022623266,2549.655429189807,1133.0241628624092,2790.0692753455282,23.959561005270686,22.970559868007527,263.3683592856178,0.0,second_stage
360.67720270270297,417.93726013953176,336.58908103385727,2624.205735288059,1119.077523295209,2852.8565060765463,23.095546480900317,21.658380712963435,257.07011208781296,0.0,second_stage
365.67720270270297,431.28852612768134,342.1402077210899,2701.2960627901916,1104.1939077715826,2918.260544366399,22.233000628628012,20.339636781941863,250.77186489000806,0.0,second_stage
370.67720270270297,445.03309773647686,347.61390503476764,2781.016826215295,1088.295867850469,2986.3761457112196,21.371906739071573,19.014388212386734,244.47361769220316,0.0,second_stage
375.67720270270297,459.1844139213949,353.00485517326564,2863.4644626109416,1071.3007889338778,3057.305040228423,20.51220509858161,17.682693762694797,238.1753704943983,0.0,second_stage
380.67720270270297,473.75641559644043,358.30731044462385,2948.7420942912668,1053.1203779104078,3131.1567301902032,19.653793063193888,16.34461086231086,231.8771232965934,0.0,second_stage
385.67720270270297,488.7635812857872,363.515063156461,3036.960283887955,1033.6600805387675,3208.049396130337,18.796525035517703,15.00019565935041,225.57887609878853,0.0,second_stage
387.67720270270297,492.5939178081307,364.80533260376575,3059.561725161571,1028.5639252051833,3227.8261567666777,18.581622850791064,14.460668874285275,224.00000000000745,0.0,second_stage
390.93062770270245,504.9299067759649,368.8563511670203,3098.7263504045986,1003.1930847317938,3257.0694435251908,17.939032688348213,13.58087704662043,177.36845405924274,0.0,third_stage_proxy
395.93062770270245,520.5723489571238,373.77495736476726,3148.441993188924,970.6088218299466,3294.6575648296985,17.133602371338018,12.223646744339831,175.32902163328686,0.0,third_stage_proxy
400.93062770270245,536.4658848173727,378.52764830036705,3198.9951015262645,937.0214417103928,3333.4034922004353,16.32589791787863,10.860247972561439,173.28958920733095,0.0,third_stage_proxy
405.93062770270245,552.614677776856,383.10929210745087,3250.3775973207753,902.3920930909416,3373.3167676395033,15.516082600619153,9.490732130607483,171.25015678137507,0.0,third_stage_proxy
410.93062770270245,569.022848389846,387.5145605992986,3302.5805742532953,866.6812352106343,3414.4069489299977,14.704308458111216,8.115149544331018,169.21072435541916,0.0,third_stage_proxy
415.93062770270245,585.6944701333563,391.73792578674886,3355.5942742730167,829.8486261439072,3456.683623915672,13.890716053253898,6.733549501673721,167.17129192946328,0.0,third_stage_proxy
420.93062770270245,602.633565076257,395.77365633486363,3409.408063431443,791.8533101629018,3500.1564261911626,13.075434280141462,5.345980286621227,165.13185950350737,0.0,third_stage_proxy
425.93062770270245,619.8440994254601,399.6158139532919,3464.010407008892,752.6536040490226,3544.835052234997,12.258580216510074,3.9524892116473325,163.0924270775515,0.0,third_stage_proxy
430.93062770270245,637.3299789454715,403.2582497147616,3519.3888438783342,712.2070822459395,3590.729280023287,11.440259018698969,2.5531226487310903,161.05299465159558,0.0,third_stage_proxy
435.93062770270245,655.0950442473169,406.6946002955566,3575.529960045353,670.4705607364817,3637.848989168767,10.620563855806905,1.1479260590264175,159.0135622256397,0.0,third_stage_proxy
440.93062770270245,673.1430660630626,409.91833664114677,3632.4194818381648,627.4525894426707,3686.2132390890997,9.800379827533373,0.0,156.97412979968382,0.0,third_stage_proxy
445.93062770270245,691.477766154462,412.925598359781,3690.054071442582,584.1240067733546,3736.0005226791573,8.99510526511656,0.0,154.93469737372791,0.0,third_stage_proxy
450.93062770270245,710.1029192456222,415.7163301721285,3748.4513520868168,540.8327180192401,3787.2665034087004,8.210071816645252,0.0,152.89526494777203,0.0,third_stage_proxy
455.93062770270245,729.0223998369972,418.2907101220463,3807.631780481683,497.57591629653155,3840.0054125238476,7.44514245870298,0.0,150.85583252181613,0.0,third_stage_proxy
460.93062770270245,748.2401871974938,420.6489022558631,3867.6166475651494,454.3508068833082,3894.212781582254,6.700150086458798,0.0,148.81640009586025,0.0,third_stage_proxy
465.93062770270245,767.7603696723281,422.7910566801619,3928.4281244879744,411.1546062119012,3949.8855223255987,5.974900867882697,0.0,146.77696766990434,0.0,third_stage_proxy
470.93062770270245,787.5871492303492,424.71730961455336,3990.089311812287,367.98454087078676,4007.0220037527292,5.269177443453684,0.0,144.73753524394846,0.0,third_stage_proxy
475.93062770270245,807.7248462676964,426.42778343948453,4052.624292196318,324.8378466151253,4065.6221270911615,4.5827419595104,0.0,142.69810281799258,0.0,third_stage_proxy
480.93062770270245,828.1779046861176,427.92258673912465,4116.058186865973,281.7117673850829,4125.6873993977815,3.915338927382818,0.0,140.65867039203667,0.0,third_stage_proxy
485.93062770270245,848.9508972658573,429.2018143393631,4180.417216204644,238.60355433108998,4187.221006548331,3.266697903935145,0.0,138.6192379660808,0.0,third_stage_proxy
490.93062770270245,870.0485313547952,430.26554734095276,4245.7287648269985,195.5104648451974,4250.227886401313,2.6365359921572815,0.0,136.57980554012488,0.0,third_stage_proxy
495.93062770270245,891.4756548974468,431.1138531478257,4312.021451540925,152.42976159770373,4314.714802946985,2.024560162989054,0.0,134.540373114169,0.0,third_stage_proxy
500.93062770270245,913.2372628295924,431.7467854906063,4379.325204645011,109.35871157823298,4380.690422277876,1.4304694016790644,0.0,132.5009406882131,0.0,third_stage_proxy
505.93062770270245,935.3385038666784,432.1643844453409,4447.671343057383,66.29458514045035,4448.16539124534,0.8539566837045539,0.0,130.4615082622572,0.0,third_stage_proxy
510.93062770270245,957.7846877167766,432.36667644745927,4517.092663826395,23.234655049608723,4517.152419698667,0.29471078664913947,0.0,128.4220758363013,0.0,third_stage_proxy
515.9306277027024,980.5812927518218,432.35367430098063,4587.623536635226,-19.823804467877174,4587.666367240874,-0.24758205450840237,0.0,126.38264341034542,0.0,third_stage_proxy
520.9306277027024,1003.7339741741091,432.1253771829719,4659.300005982019,-62.88351867362838,4659.724335480031,-0.7732366404593989,0.0,124.34321098438953,0.0,third_stage_proxy
525.9306277027024,1027.2485727186797,431.681770643261,4732.159901796049,-105.94721326606923,4733.345766808636,-1.2825674402043215,0.0,122.30377855843363,0.0,third_stage_proxy
530.9306277027024,1051.1311239362874,431.0228265994058,4806.242959339708,-149.01761532956192,4808.552550807885,-1.7758873541402134,0.0,120.26434613247774,0.0,third_stage_proxy
535.9306277027024,1075.3878681061803,430.14850332691384,4881.5909493477475,-192.09745428470583,4885.369139450621,-2.2535065982927347,0.0,118.22491370652185,0.0,third_stage_proxy
540.9306277027024,1100.0252608330443,429.0587454447059,4958.247819470875,-235.1894628406012,4963.822672368437,-2.7157317003467254,0.0,116.18548128056597,0.0,third_stage_proxy
545.9306277027024,1125.0499843881635,427.75348389580915,5036.259848222896,-278.2963779498799,5043.943113557302,-3.1628645981951826,0.0,114.14604885461007,0.0,third_stage_proxy
550.9306277027024,1150.4689598613072,426.23263592326543,5115.675812781689,-321.4209417673095,5125.763401024884,-3.5952018318760133,0.0,112.10661642865418,0.0,third_stage_proxy
555.9306277027024,1176.2893601971036,424.4961050412335,5196.547172167518,-364.5659026127843,5209.319611034641,-4.013033819976948,0.0,110.06718400269828,0.0,third_stage_proxy
560.9306277027024,1202.5186241978759,422.5437810012613,5278.928267521327,-407.73401593952116,5294.651138780523,-4.416644211841989,0.0,108.02775157674239,0.0,third_stage_proxy
565.9306277027024,1229.1644715841926,420.37553975369894,5362.87654143512,-450.92804530828766,5381.800897536128,-4.806309307190836,0.0,105.9883191507865,0.0,third_stage_proxy
570.9306277027024,1256.2349192149345,417.99124340422054,5448.45277855148,-494.1507633685,5470.815538568542,-5.182297535050776,0.0,103.9488867248306,0.0,third_stage_proxy
575.9306277027024,1283.7382985806594,415.39074016541815,5535.721369956355,-537.4049528470368,5561.745694396319,-5.544868984185318,0.0,101.9094542988747,0.0,third_stage_proxy
580.9306277027024,1311.683274697723,412.5738643034254,5624.750604245694,-580.6934075456285,5654.646248310256,-5.894274977473609,0.0,99.87002187291883,0.0,third_stage_proxy
585.9306277027024,1340.0788665462333,409.5404360795271,5715.612988561803,-624.0189333476953,5749.576633474223,-6.230757682938731,0.0,97.83058944696293,0.0,third_stage_proxy
590.9306277027024,1368.9344692128184,406.29026168670356,5808.385603380434,-667.3843492355211,5846.601165391873,-6.5545497543312825,0.0,95.79115702100704,0.0,third_stage_proxy
595.9306277027024,1398.2598779197656,402.82313318105514,5903.150495398078,-710.7924883186663,5945.789412077156,-6.865873994337794,0.0,93.75172459505114,0.0,third_stage_proxy
600.9306277027024,1428.065314145794,399.1388284080501,5999.995113537289,-754.2461988745429,6047.216606918265,-7.164943033591726,0.0,91.71229216909525,0.0,third_stage_proxy
605.9306277027024,1458.3614540711328,395.237110923529,6099.012793876157,-797.7483454020909,6150.964109995833,-7.451959018708284,0.0,89.67285974313936,0.0,third_stage_proxy
610.9306277027024,1489.159459611329,391.1177299093999,6200.3033002412,-841.3018096895191,6257.119924531476,-7.727113302531864,0.0,87.63342731718346,0.0,third_stage_proxy
615.9306277027024,1520.471012341172,386.78042008395,6303.973428311468,-884.9094918970936,6365.7792762321415,-7.990586129664509,0.0,85.59399489122757,0.0,third_stage_proxy
620.9306277027024,1552.3083506532132,382.22490160669537,6410.137682403621,-928.5743116559835,6477.045264596986,-8.242546310120593,0.0,83.55456246527169,0.0,third_stage_proxy
625.9306277027024,1584.684310545861,377.45087997768553,6518.919035690504,-972.2992091841967,6591.029596813249,-8.48315087360987,0.0,81.51513003931579,0.0,third_stage_proxy
630.9306277027024,1617.612370495342,372.45804593117464,6630.449786508603,-1016.0871464206706,6707.8534167446805,-8.712544696466756,0.0,79.4756976133599,0.0,third_stage_proxy
635.9306277027024,1651.1067009358283,367.24607532356475,6744.872525707514,-1059.9411081786075,6827.648243784309,-8.930860092592003,0.0,77.436265187404,0.0,third_stage_proxy
640.9306277027024,1685.182218954935,361.8146290155216,6862.341232781818,-1103.8641033191784,6950.557039096517,-9.138216358921035,0.0,75.39683276144811,0.0,third_stage_proxy
645.9306277027024,1719.8546489104097,356.163352748158,6983.022521923006,-1147.8591659467556,7076.735420130664,-9.334719264839554,0.0,73.35740033549222,0.0,third_stage_proxy
650.9306277027024,1755.140589791677,350.2918770131734,7107.097063290905,-1191.9293566268623,7206.353048402994,-9.52046047357901,0.0,71.31796790953632,0.0,third_stage_proxy
655.9306277027024,1791.0575902913342,344.1998169168323,7234.761209929406,-1236.0777636280766,7339.595220612305,-9.695516881874745,0.0,69.27853548358043,0.0,third_stage_proxy
656.9306277027024,1796.0101437679966,343.35160836776214,7252.5037183617305,-1242.1139287168437,7358.101466870589,-9.7185804332107,0.0,69.00000000000628,0.0,third_stage_proxy
