time_s,altitude_m,inertial_speed_m_s,relative_speed_m_s,flight_path_angle_deg,pitch_angle_deg,mass_kg,dynamic_pressure_Pa,mach_number,drag_force_N,thrust_force_N,axial_acceleration_g,density_kg_m3,temperature_K,stage_name
0.0,50.0,437.6270560935605,0.0,3.721077054616968e-15,90.0,2034000.0,0.0,0.0,0.0,26251545.0,1.316082893422796,1.2191306775752482,287.82500255059995,S1_booster_core
3.0,64.47904918249696,437.73237445931926,9.73729727846396,1.2745338813722864,90.0,2007392.5853684198,57.71552766010562,0.028635199936803826,1359.200676395487,26251992.402619738,1.3334808782331695,1.2174350693500426,287.73089042200064,S1_booster_core
7.0,130.72748061362654,438.24352514966347,23.54927492977862,3.080061878725611,90.0,1971916.457959111,335.43065669944156,0.06930499621710297,7899.391965271849,26254039.479150962,1.3572387647036996,1.2096999652786817,287.3002888113595,S1_booster_core
11.0,254.2098583560437,439.26359231346856,38.366960630528055,5.010444156920802,90.0,1936441.419233995,879.8161143466781,0.1130711633805961,20719.669492864265,26257855.084623203,1.381628801117523,1.1953831089243612,286.4977018491865,S1_booster_core
15.0,439.08194550778717,440.89787956644943,54.257266045545855,7.068289261573004,90.0,1900968.1489160988,1728.3235857490474,0.16023780076860708,40702.020444390066,26263567.63211619,1.4066454101406043,1.1741923306975517,285.29616403727056,S1_booster_core
19.0,689.7736765965819,443.26541377580065,71.29036381870905,9.254457560787152,90.0,1865497.3370847334,2911.962330906663,0.21114533566118063,68576.71289285191,26271314.006606836,1.4322912990353909,1.145919437573404,283.6669564710466,S1_booster_core
23.0,1011.0018333652988,446.51133484157845,89.53947381076244,11.567296363883527,89.94129101947529,1830029.6677464119,4451.452215963905,0.26617608493717715,104831.69968594995,26281239.956650987,1.4585833425327484,1.110459274681994,281.5795307383554,S1_booster_core
27.0,1407.7819524630904,450.896200597927,109.08036704812748,13.999031501572137,89.73336873232134,1794565.800653828,6352.799118929065,0.3257604862892775,149608.4192507795,26293500.46233111,1.4855599375046968,1.0678295555483803,279.0014388408202,S1_booster_core
31.0,1885.4383392864838,456.7177374114975,129.99143454600681,16.535341740090978,89.40228615761092,1759106.3519895878,8602.5789762032,0.3903869380470737,202590.73488958535,26308260.044683952,1.5132896436721641,1.0181908524911032,275.89827657851185,S1_booster_core
35.0,2449.6108554620296,464.26496721884746,152.35432802112877,19.156116296290836,88.95992425944644,1723651.8746781773,11163.339041207704,0.46061590403768016,262896.6344204414,26325692.975433778,1.5418807228365212,0.9618658781015575,272.23364917984344,S1_booster_core
39.0,3106.25913382601,473.82154152514306,176.25467889130405,21.835679227349736,88.41357366973577,1688202.8392182225,13969.577563734932,0.5370976927297659,328983.55162595765,26345983.407235224,1.5714910524670576,0.8993566694815222,267.96915504842616,S1_booster_core
43.0,3861.6650992026553,485.66244781366345,201.78286098401227,24.54364381829119,87.76842291518184,1652759.6160210222,16924.92008072846,0.6205950193470757,398581.86790115526,26369325.451565363,1.602337571576897,0.8313579831939476,263.06438204359176,S1_booster_core
47.0,4722.434449234046,500.04935139554584,229.03480674847845,27.246321079822405,87.02845945168197,1617322.460272076,19901.245524251008,0.7120121048707226,468674.3320961112,26395923.224481333,1.6347040681690408,0.7587649793922719,257.4769121726831,S1_booster_core
51.0,5695.497598627582,517.2262405548354,258.1128812926262,29.9085409960295,86.19689808944337,1581891.500296052,22740.61167523656,0.8124328236499485,535541.404951821,26425990.875797592,1.6689457577694997,0.6826730840292009,251.16233156038462,S1_booster_core
55.0,6788.110348137096,537.4163382615071,289.1267728233322,32.49565548696005,85.27641749682726,1546466.7303078251,25260.849463300427,0.9231714556414041,594893.004860725,26459752.60975744,1.7054887873508373,0.6043678158559196,244.0742441394725,S1_booster_core
59.0,8007.854134541936,560.8207954580042,322.1943010650246,34.97544815756092,84.26930406041873,1511048.0082846766,27265.601980020445,1.045841268893538,642104.9266294815,26497442.692757346,1.7448225977988925,0.5253023909197574,236.16429014111554,S1_booster_core
63.0,9362.635107823648,587.6192262618822,357.44198321964353,37.31969862722007,83.1775456299784,1475635.05951232,28559.330627370175,1.1824489199069057,672572.2362745677,26539305.42483175,1.7874830934054402,0.44706111585505415,227.382174416825,S1_booster_core
67.0,10860.680451832712,617.971714335256,395.0051370896373,39.505230950049075,82.0028958456524,1440227.4861523737,28967.341321763153,1.3355273595260813,682180.8881275223,26585595.02596163,1.8340249454895179,0.37130700694247276,217.6757149832942,S1_booster_core
71.0,12510.569574873894,652.045661981859,435.0598496760771,41.51631876157663,80.74692009475314,1404824.7627538727,27245.92262117962,1.4744318177463567,641641.47772878,26636576.599863604,1.8868870696290827,0.2878945898528819,216.65,S1_booster_core
75.0,14321.349571981467,689.9909907041917,477.7800104932545,43.341503629283274,79.41102942504116,1369426.1691316252,24727.030850975007,1.6192118162109017,582321.5765404614,26692529.70177423,1.944245199170704,0.21664367545187077,216.65,S1_booster_core
79.0,16302.258263926953,731.8946597675214,523.2772268265817,44.97077688208791,77.9965062457112,1334030.9548765502,21735.535283977908,1.7734033451021405,511871.8559376797,26753739.78035534,2.0058948470075357,0.15875838294339947,216.65,S1_booster_core
83.0,18462.572048476897,777.8258166629016,571.6610046288556,46.39936019325809,76.50452424355865,1298638.4303710633,18485.980355931682,1.9373775236147233,435344.8373821911,26820493.476297937,2.0718133099793734,0.11313457415275686,216.65,S1_booster_core
87.0,20811.53954257816,827.841971241935,623.0408523535449,47.62698114710149,74.93616411135788,1263247.985328207,15146.746523910706,2.1078902965213855,356705.8806380971,26893076.571865667,2.1420629790600194,0.07803982833465184,217.3937778172124,S1_booster_core
91.0,23358.329178343527,881.9991300725882,677.5331862373263,48.65714326989607,73.29242617305347,1227859.0953210194,11926.23647969421,2.279031248710302,280862.86909679865,26971772.371610817,2.216634894228182,0.051960373920313586,219.92300215819296,S1_booster_core
95.0,26111.95991508756,940.3446567594877,735.2487475887315,49.49570870023696,71.57424066267335,1192471.3264757365,9098.024293983775,2.4579482609167234,214258.4721233179,27056859.561376207,2.2953873121717456,0.03365956515125389,222.65537518515325,S1_booster_core
99.0,29081.218582275324,1002.9321769015751,796.3066174461571,50.15052191223465,69.7824761977908,1157084.3420634368,6724.553164908145,2.6446408451083476,158363.2270335868,27148609.654192306,2.378598592472738,0.02120961462639818,225.5990769351077,S1_booster_core
103.0,32274.623797331937,1069.8313214953141,860.8421752759883,50.630762472622436,67.91794684202421,1121697.8905669784,4812.351377367693,2.8378895230509826,113330.87493700917,27247285.875337556,2.4667010670882425,0.01298793939161749,228.96345722642357,S1_booster_core
107.0,35700.40440039616,1141.1365994000187,929.0144673017437,50.946351449647715,65.98141804961419,1086311.7895788068,3278.7237502441535,3.001062936872926,77213.9443182498,27353142.495972242,2.560379702675721,0.007597835174939113,238.4541134778785,S1_booster_core
111.0,39366.477111780085,1216.9632468430689,1001.0001119211722,51.1072421415424,63.97361171331437,1050925.9098530815,2196.1087567653926,3.1669358907005507,51718.361221825,27466424.142754003,2.6600562130356296,0.004383445257388831,248.5992300493286,S1_booster_core
115.0,43280.39582563937,1297.4542724008763,1077.0000090918759,51.12315236718355,61.89521048506595,1015540.1666732028,1448.7866321246242,3.3355786241356844,34118.9251865349,27587364.231012255,2.7666548188388727,0.0024980608427994065,259.41741105937194,S1_booster_core
119.0,47449.32728554774,1382.7876927973005,1157.246482283793,51.00337080143333,59.74686150098094,980154.506527359,944.0683681772623,3.508947650470337,22232.810070574527,27716184.213123426,2.8811754737698156,0.0014098785509588383,270.65,S1_booster_core
123.0,51880.01547314413,1473.1760668117984,1242.0024843107294,50.75652412321145,57.52917961392667,944768.8964298598,629.8934718903089,3.774952622820365,14833.991263016773,27853092.478120152,3.0046632173634547,0.0008166804774502743,269.35930894041496,S1_booster_core
127.0,56578.727819580585,1568.8701595615491,1331.5653966267844,50.39049085506447,55.24275021571093,909383.3168982051,417.19829557187796,4.147994314236909,9825.019860717726,27998282.68962504,3.1384217778980745,0.0004705952290102493,256.42405717342075,S1_booster_core
131.0,61551.19519316871,1670.1625899812625,1426.2709082129313,49.91235673394714,52.888131714608356,873997.7559687151,259.15216683449773,4.566382540730338,6103.033528952421,28151931.93146891,3.2838480258019587,0.0002547890691772595,242.75575637977096,S1_booster_core
135.0,66802.52852169983,1777.3878317824554,1526.493175333498,49.32836600647343,50.465857721411844,838612.2057734595,149.55852991569753,5.039126471898407,3522.103379514677,28314198.131320525,3.442455898841947,0.0001283664258888399,228.34383364690723,S1_booster_core
139.0,72337.10861177463,1890.9266390997618,1632.6495818385397,48.64393431212159,47.9764389873946,803226.6613434757,79.0886342180468,5.572465686463697,1862.5373358350023,28485216.656103835,3.6160326085689016,5.934144378939632e-05,213.59998998278115,S1_booster_core
143.0,78158.45933832973,2011.213534428037,1745.2086007935277,47.86367799952417,45.42036512984875,767841.1197573593,37.48934792547818,6.121844017510629,882.8741436450111,28665096.39355439,3.806694185281566,2.461745728131102e-05,202.22751291613105,S1_booster_core
147.0,84269.10203861725,2138.7458276450325,1864.6991515461284,46.991434875865515,42.7981061747295,732455.5794363079,16.117264179430194,6.742652585053124,379.56157142558106,28853915.252993274,4.016955972800895,9.27051313893982e-06,190.31194635682016,S1_booster_core
151.0,90670.3866355475,2274.0953467253335,1991.722649338772,46.030277418041386,40.11011394101661,697070.0396238185,6.013560832433231,7.26798637955301,141.61935760380257,29051714.94703842,4.249839851206398,3.0318239552358717e-06,186.87,S1_booster_core
155.0,97362.29456766229,2417.92310284141,2126.9679637791805,44.982512156771115,37.356823287432334,661684.4999915303,1.9845148210720727,7.456747120498844,46.73532403624731,29258494.902140766,4.508993933311006,8.773289191039023e-07,202.4571588154672,S1_booster_core
159.0,104343.20554763172,2570.998224453393,2271.230630642449,43.84966343250683,34.53865323892501,626298.9604156204,0.6836753481650496,7.478397614466016,16.100554449286918,29340000.0,4.777024897330457,2.6506808646935363e-07,229.51730714160863,S1_booster_core
160.5,107034.90814512502,2630.964716612316,2327.838332789036,43.403081021690106,33.4651957039824,614000.0000000008,0.4702119518570241,7.49653397557454,11.073491466232916,29340000.0,4.872713745432181,1.7354736677056616e-07,239.93559131701105,S1_booster_core
160.5,107034.90814512502,2630.964716612316,2327.838332789036,43.403081021690106,33.4651957039824,354000.0000000008,0.4702119518570241,7.49653397557454,11.073491466232916,5590000.0,1.610226649358142,1.7354736677056616e-07,239.93559131701105,S2_upper_stage
164.5,114265.3770250259,2667.5962359852356,2359.2929933699183,42.64360284110497,30.558473628516445,347293.8663170048,0.16884581344461955,7.1906481007239,3.9763189066207905,5590000.0,1.6413216957384136,6.066756114277798e-08,267.8784366357184,S2_upper_stage
168.5,121489.27568545938,2705.3820559379983,2391.677299520797,41.83578588012183,27.587809666145162,340587.73263400875,0.06751946658032852,6.937566849828808,1.5900834379667368,5590000.0,1.6736398475156278,2.360770857242306e-08,295.73373748247366,S2_upper_stage
172.5,128698.30839785002,2744.281853952991,2424.9627010159425,40.979077741430686,24.553576419289243,333881.5989510127,0.04106562278055235,6.205378836063586,0.9670954164820077,5590000.0,1.7072557045050218,1.3966844025043775e-08,380.0,S2_upper_stage
176.5,135883.24854398146,2784.2513387064673,2459.1185264914807,40.07299634508794,21.45613449775078,327175.4652680167,0.026667303315202284,6.292782174863556,0.6280149930730138,5590000.0,1.74224952518369,8.819626077395459e-09,380.0,S2_upper_stage
180.5,143033.89677515812,2825.2421161739994,2494.1118678933553,39.11712222236693,18.295833204587268,320469.33158502064,0.017377770937717966,6.38232868213452,0.40924650558325815,5590000.0,1.778707867313991,5.5871741222761574e-09,380.0,S2_upper_stage
184.5,150139.0407507373,2867.201540332435,2529.907446667629,38.111090141903794,15.073011166468106,313763.1979020246,0.011371187151257303,6.473928081522175,0.26779145741210947,5590000.0,1.8167246495413625,3.553256312797002e-09,380.0,S2_upper_stage
188.5,157186.41691629868,2910.0725506812196,2566.4674645750865,37.05458013184361,11.787996914261385,307057.0642190286,0.007476928547221504,6.567483648902241,0.17608166728706642,5590000.0,1.8564019901288566,2.2702919015981276e-09,380.0,S2_upper_stage
192.5,164162.67479201127,2953.7934881600004,2603.7514313090433,35.94730792052684,8.441109418880728,300350.93053603254,0.004944044919470495,6.6628917712615925,0.11643225785353016,5590000.0,1.8978511242317972,1.4585232623778244e-09,380.0,S2_upper_stage
196.5,171053.3442643406,2998.297888833272,2641.715968985385,34.789014821479384,5.032658586806818,293644.7968530365,0.00329038884514045,6.760041446396395,0.07748865730305758,5590000.0,1.9411934461699403,9.429854177451292e-10,380.0,S2_upper_stage
200.5,177842.807604515,3043.630886703988,2680.424067607289,33.57810814128925,2.0,282938.66317004047,0.0022062025725877303,6.859093863108615,0.051956070584441044,5590000.0,2.014646394982243,6.141413858743102e-10,380.0,S2_upper_stage
204.5,184518.20957203768,3091.881181535202,2722.1521765905195,32.349691679020964,2.0,276232.52948704443,0.001493933914227323,6.965874360905555,0.03518214368005346,5590000.0,2.063556238382186,4.0321490929272687e-10,380.0,S2_upper_stage
208.5,191078.73844719678,3143.3939746430374,2767.462815634527,31.14789097269285,2.0,269526.3958040484,0.001021986480343871,7.081822404335008,0.02406778161209816,5590000.0,2.1148999484816664,2.6687725237479094e-10,380.0,S2_upper_stage
212.5,197526.13852648064,3198.2362222912466,2816.421985382774,29.973944704336482,2.0,262820.26212105236,0.0007061408332991123,7.207106886302395,0.016629616624194092,5590000.0,2.1688638340082274,1.7804339613471632e-10,380.0,S2_upper_stage
216.5,203862.22261583526,3256.4805148595474,2869.099148379777,28.828927704070555,2.0,256114.12843805633,0.0004926882013960293,7.341905558574148,0.01160280714287649,5590000.0,2.2256537167545214,1.1970465649157088e-10,380.0,S2_upper_stage
220.5,210088.87726582494,3318.2061853880396,2925.5685573868764,27.713754287074227,2.0,249407.9947550603,0.000347046742144115,7.486408430882602,0.008172950777493908,5590000.0,2.2854975550445444,8.109562178237554e-11,380.0,S2_upper_stage
224.5,216208.06849103048,3383.5005201177764,2985.910700282304,26.629183403240837,2.0,242701.86107206426,0.0002467388622994725,7.640821468365256,0.005810700207152577,5590000.0,2.348648502093199,5.534952820075942e-11,380.0,S2_upper_stage
228.5,222221.84803364612,3452.460085517024,3050.21386799575,25.575825301201174,2.0,235995.72738906823,0.00017701847923059532,7.805370603844204,0.00416878518588052,5590000.0,2.415388485783106,3.805292266343705e-11,380.0,S2_upper_stage
232.5,228132.36024061777,3525.1921907289657,3118.575857256937,24.554149405860763,2.0,229289.5937060722,0.00012812327328031204,7.980306095089018,0.0030173030857513486,5590000.0,2.4860324166202528,2.6347862978485548e-11,380.0,S2_upper_stage
236.5,233941.84963468835,3601.8165096952,3191.105826325528,23.564493116466345,2.0,222583.46002307616,9.353243606403789e-05,8.165907273552515,0.002202688869308092,5590000.0,2.56093315635831,1.8370028395462876e-11,380.0,S2_upper_stage
240.5,239652.66927292105,3682.4668936159237,3267.9263294373563,22.607071248328655,2.0,215877.32634008012,6.885214029700841e-05,8.36248775043415,0.0016214679039945482,5590000.0,2.6404874127046623,1.2894453067991888e-11,380.0,S2_upper_stage
244.5,245267.29000221938,3767.2934122004854,3349.1755646658225,21.681985863458763,2.0,209171.1926570841,5.109633257238241e-05,8.570401168863988,0.0012033186320796058,5590000.0,2.725142767945356,9.110535350323706e-12,380.0,S2_upper_stage
248.5,250788.31074043922,3856.4646717490627,3435.009880599994,20.789236261385447,2.0,202465.05897408805,3.821864229801949e-05,8.790047618387833,0.000900049026118359,5590000.0,2.8154061043976735,6.478124187151097e-12,380.0,S2_upper_stage
252.5,256218.46993503626,3950.17047004344,3525.606600190692,19.928728929358797,2.0,195758.92529109202,2.8805159768632724e-05,9.021880861072091,0.0006783615125513006,5590000.0,2.9118537616503097,4.634816911988015e-12,380.0,S2_upper_stage
256.5,261560.65837960877,4048.624863069317,3621.1672360391576,19.100287279298065,2.0,189052.79160809598,2.1871130299791798e-05,9.266416559293928,0.0005150651185600968,5590000.0,3.0151438556050887,3.3358311444879125e-12,380.0,S2_upper_stage
260.5,266817.9336036341,4152.069737779565,3721.921191319681,18.303661025755687,2.0,182346.65792509995,1.6725325152651562e-05,9.524241746248565,0.00039388140734494424,5590000.0,3.1260313158502586,2.4147391262172865e-12,380.0,S2_upper_stage
264.5,271993.5360940071,4260.779009863084,3828.1300658604277,17.538535083625817,2.0,175640.52424210391,1.2878842648699091e-05,9.796025845031266,0.0003032967443768636,5590000.0,3.24538636788634,1.7576543064978524e-12,380.0,S2_upper_stage
268.5,277090.9076609723,4375.0635977875845,3940.092719642043,16.804537885303592,2.0,168934.39055910788,9.983308199563886e-06,10.082533625919968,0.00023510690809972954,5590000.0,3.3742174174490827,1.2861499064239225e-12,380.0,S2_upper_stage
272.5,282113.71232884005,4495.277367017414,4058.151288904391,16.101249033591802,2.0,162228.25687611185,7.788677759134115e-06,10.384640601342559,0.0001834233612276084,5590000.0,3.513699610735901,9.458826612702875e-13,380.0,S2_upper_stage
276.5,287065.86021792796,4621.824295219444,4182.69840714398,15.428206217962687,2.0,155522.1231931158,6.114212078511201e-06,10.703351504109378,0.00014398969444893878,5590000.0,3.6652107837556263,6.989681592635884e-13,380.0,S2_upper_stage
280.5,291951.53499416634,4755.1671861464765,4314.185960240649,14.784911326788668,2.0,148815.98951011978,4.8283656137520245e-06,11.039822691418784,0.00011370801020386018,5590000.0,3.8303771316475665,5.188387707162297e-13,380.0,S2_upper_stage
284.5,296775.22560490016,4895.838365027771,4453.135810087725,14.170835685511735,2.0,142109.85582712374,3.8347531507755575e-06,11.39538958618134,9.030843670076438e-05,5590000.0,4.011131808752817,3.867546358079905e-13,380.0,S2_upper_stage
288.5,301541.763204976,5044.4529340010395,4600.153066730119,13.585424338467135,2.0,135403.7221441277,3.062289470988235e-06,11.77160063986997,7.211691704177293e-05,5590000.0,4.209790942383109,2.894220872865901e-13,380.0,S2_upper_stage
292.5,306256.36442234647,5201.725370925047,4755.942693686439,13.028099267220911,2.0,128697.58846113167,2.4582142005400236e-06,12.170259824849591,5.789094442271756e-05,5590000.0,4.4291534119997324,2.1735843219497668e-13,380.0,S2_upper_stage
296.5,310924.6824401887,5368.490547253297,4921.330523286639,12.498261396111129,2.0,121991.45477813564,1.9831249951738343e-06,12.5934804117533,4.67025936363438e-05,5590000.0,4.672633538853934,1.6376270993890456e-13,380.0,S2_upper_stage
300.5,315552.8678173106,5545.730665014121,5097.2901829832745,11.99529116865453,2.0,115285.3210951396,1.6074179885073745e-06,13.043753872794577,3.785469362934867e-05,5590000.0,4.944440086872723,1.2373145029813295e-13,380.0,S2_upper_stage
304.5,320147.6415809877,5734.61024043776,5284.9780607906,11.518547374317182,2.0,108579.18741214357,1.3087207317190143e-06,13.5240393568737,3.082037323198279e-05,5590000.0,5.24982159691285,9.371100604200636e-14,380.0,S2_upper_stage
308.5,324716.38398425747,5936.522208768914,5485.779384622147,11.067363743496777,2.0,101873.05372914753,1.0700295488954233e-06,14.037881604688812,2.5199195876487214e-05,5590000.0,5.595408620690046,7.111301474508627e-14,380.0,S2_upper_stage
312.5,329267.2435439043,6153.149686808139,5701.369951797846,10.641042574966077,2.0,95166.9200461515,8.783499594664855e-07,14.589568911980814,2.0685141545435735e-05,5590000.0,5.98970065203454,5.4042961041495295e-14,380.0,S2_upper_stage
316.5,333809.27276001684,6386.550244913894,5933.8003594771835,10.238844254587207,2.0,88460.78636315546,7.236985699581919e-07,15.184348671713503,1.7043101322515417e-05,5590000.0,6.443774541103807,4.1107574166289893e-14,380.0,S2_upper_stage
320.5,338352.5995814428,6639.273313022881,6185.613358564543,9.859970859565653,2.0,81754.65268015943,5.983662672836533e-07,15.828727677843267,1.4091525594530034e-05,5590000.0,6.972341565479614,3.1277465769880517e-14,380.0,S2_upper_stage
324.5,342908.64776575286,6914.527696931404,6460.011303700702,9.50354091991217,2.0,75048.5189971634,4.963714609865031e-07,16.530900622892645,1.1689547906232148e-05,5590000.0,7.5953712434353955,2.378867447644562e-14,380.0,S2_upper_stage
328.5,347490.42574169766,7216.427281394049,6761.101769600312,9.16855044380617,2.0,68342.38531416736,4.1305244752485856e-07,17.301378619956765,9.727385139210419e-06,5590000.0,8.340671172557167,1.8071751638062715e-14,380.0,S2_upper_stage
330.5,349795.55449846573,7378.989882898843,6923.275595437012,9.008733366879525,2.0,65000.00000000078,3.772237649758428e-07,17.716374704716713,8.883619665181099e-06,5590000.0,8.769559431596141,1.5740038891094086e-14,380.0,S2_upper_stage
